{"cameraMode":{"drawMode":0,"name":"Shaded","section":"Shading Mode"},"sceneLighting":true,"audioPlay":false,"sceneViewState":{"showFog":true,"showMaterialUpdate":false,"showSkybox":true,"showFlares":true,"showImageEffects":true,"showParticleSystems":true},"in2DMode":false,"pivot":{"x":-0.08144277334213257,"y":4.695993423461914,"z":20.935546875},"rotation":{"x":-0.03299061581492424,"y":0.011687980964779854,"z":0.0003859184798784554,"w":0.999387264251709},"size":31.474483489990236,"orthographic":false}